{"cameraMode":{"drawMode":0,"name":"Shaded","section":"Shading Mode"},"sceneLighting":false,"audioPlay":false,"sceneViewState":{"showFog":true,"showMaterialUpdate":false,"showSkybox":false,"showFlares":true,"showImageEffects":true,"showParticleSystems":true},"in2DMode":false,"pivot":{"x":-10.149898529052735,"y":1.0458106994628907,"z":-6.79840087890625},"rotation":{"x":0.20434950292110444,"y":-0.7744288444519043,"z":0.308327317237854,"w":0.5132633447647095},"size":13.621185302734375,"orthographic":false}